200H88MQU6L5GZ8ADMIX54AJJ25BUP,A33DZYZ8E2LO1D
20QN5F3Q0JG5LMZL7HPBC9FASGPCGY,ABMM7PTIH9EZY
2118D8J3VE7WKG6LTX73UCK9AHZIY4,A1IV79FM6URE9F
211ZJMJUNU8LRU45V1WRH8D9JRS0GT,A1ZQ7A1CUV6RD8
224WY2AOO2GME2TMJ1HSKM6JAYZ44Q,AFDC9A6Z60W2Z
224XKNQY2RCJCUGXQZUHZ0KVIZS2RI,A30XBPJTWFN4H8
22FTL0XULRGNLZW1H74XDFP8NTCP3S,A7R18MYOAHDII
22LLB3L0FBJ9ACOH94IE3E5SPFZXLR,A27IABVBUZ9X8Z
22NQ8H88MQU6DT19QX91ZXX5A6I9S0,A2OCP3UDPBH0ME
245D8XMB3Q39ROO4PEF614EWSIVRGO,A3UX6ETXQOCG65
25B8EBDPGFL6N02UUUINLWIPVPPH2T,AYO9K8VF5A11I
25H3TVOK5UFJXPB5LZFZNYQT11U74K,A3VTASRVRXYJI3
25J14IXKO2L9U5RARVXXBYODC42CBO,A3SARY32MJ3KZA
2626X3YOCCF04DIISAKIVIIYY54RQJ,A2D8ZM1E0USP73
262VKI62NJQ2TVFX4UHHEBKMCJATL3,A1SASHHK11LVTJ
26QB49F9SSSHPPEHJ8JTDH5G870SW6,A12DDKXPSHDPSV
26R9RNDWIOV1KV5LYYKG213ZDO9VGM,A3FXUEQXNUGIBN
26W0SPW1INMH8M32EOEAJ6BGM3C3GR,A34J9J4EO1SW8I
26XXH0JPPSI2CMRNGDG7DKLN6KGHNK,AJWXJ5QWYOY22
273NVP3TVOK5M3W3WJYQMOZGYEP41D,A32PNTIGJF38XQ
27P2Q45UUKQOQ40GRMESGOG11M1CUR,A2J734LHPHBFKL
297YQS1CSTMO7L4BNP9C9EYENMJMPZ,A3HP9XOB1TMBIL
2ADWSBRI8IUBUM77348S1LB4LOBF33,A1JRV4XD6CG12W
2AGNNVRH1KHO12TP6SXN39LLWVVYPX,A2E72ZI1VESTMR
2AGUQIHPCGJ25QEMYHWXP0JQPHJ716,A2DFNNDO9YE0NL
2BC274J79KQWYPLLZRLXNCD55L8IG5,A27IA50G9Y30PA
2BUA1QP6AUC2Y1T42YSXBV0GKOB07S,A369DR0NM7S98F
2C2C9KSSZVXXUEH3PFBQWYGOIK0L3H,AODPLPB622CBE
2D5HJHP4BDDK8SB6MDO953G45VVY5C,A2SV243JDONKOA
2D9VWAVKI62NBEFZ2NQ9HQH7B8HIQ0,A18TCR555RWUZV
2DC4F0OHOVR1W6AIJNC9AHEDWZ834B,A5WYEGVV9VZ2P
2DYXBAT2D5NQQBIDYBRJO5TZMAI62O,AQ63EIN2JURL7
2EYUXFCD45XC6H0BN8KKQN3UGD0XV9,A3SWVCOJPJM7KQ
2FD8I9NZW6HERU1CZBN7186AGJMWM4,A179OX1482SRXK
2GMXFCD45XCELBQQIEBIV3THPSZWYR,A6ZAKE3FP8YKY
2GT8N46UXFCDWTAA9EED0NTLIB1RTT,A2FY1GL04ZI859
2H1KQW618N46MLSA8PWXKETODGLOMG,AEMPMR1EXR6BK
2H5ZKPFE4EGD91Z006ZIHNZX65BH79,A1FKCYWMD3HCXU
2IA9NZW6HEZ6G2HORSK8E9GVMQYYOF,A4W9APAHFWVLO
2IEQU6L5OBVCAP4VSP1IRF7HUNXYFF,A1YJKLVJW1FE33
2IEQU6L5OBVCAP4VSP1IRF7HUP8FYB,A1MO07YOP3THQ2
2JM8P9Y38TWWP6GQPJ9M8JTBGC8IZ2,A23ZYEC5108613
2K22SEIUUU00GEXI5P9I08S3UP9RRJ,A1LRJ2MQD4AMES
2KL2D5NQYN5FVEDHBQKYUNCXY04A6X,A3EJ44J2ZNRMDA
2KUSEIUUU00OI8X8Z39SGS2V2UVSSI,AOF2CAD9DKPAW
2MPKNQY2RCJKYRCT9O8R8KUJAF93SG,A10XYFXQYJKBXF
2N5P8PJWKUDD0LZ9YBU970B7UHN8JU,A1LRFNK3E452GS
2N9JHP4BDDKGWMLPNI0XBG367K8Z6I,A9KPCMO1J1LQF
2OJ9Y8TNKIMZKAIIA2J2WM0QGKFW95,A3L5XFNSOY6QET
2P30HFL42J1LQTL92NYM8IGGK5AM1Q,AT4Y9ZLZWNRQ1
2PQQS1CSTMOFPFQQZ331MYDOX7BNQL,A5X9SQ7YZ7Q2X
2QKNTL0XULRGFHOHY7DD55FQ7C8O2V,A2FV0CMG9S8CU0
2R7L42J1LY583VF5HL9GNKHE1VZP48,A1MDT1W0O9A4H1
2RSJPPSI2KYEH95N2QBLU6WK3C7QKK,A2MMXYQKPUV5U7
2RTXERSQV66RDDUGOO8V4AVLIUZA2B,A364KJDYEBAWC9
2S20RYNJ92NJCAD367AT2HYX25TA5H,A2P0MHR1ZKFBQ6
2SDKH1Q6SVQ89WLKLFXLDOBWC732LS,A26JIHKBORI9X
2SPKO2L92HECOYJVYJFCKF0DPTIGFE,A3PYEW6693PCHT
2T6NLVWJ5OPBSM8EUTPM4B7FPXTU29,A25ZADCJI3D5AF
2TS11K274J79CE94WTE4EUXGC13DF2,A23IQR52CLOC8D
2TTLY58B727MS6TDF241EYFTV269UH,A2Z8SR1UU09HO5
2UG2L92HECWAYLGWJX3F8CP6KMQHIA,A1XUGKZF5D1OSQ
2UKSZVXX2Q45MIXOJJ7NQW1OSXQ7PB,A183HI4ZV77GJU
2VNWJ5OPB0YV8NLWHH27MP9V3P15XD,A1JT53BJT9J5HU
2VR6R70G5R985WW1QZYW0STOY0EQA6,AWVO8M10GTY4R
2VR6R70G5R985WW1QZYW0STOY1IAQW,A1F4D2PZ7NNWTL
2VYVCPWZ9RNDO61TWDYSV3DUGILBQ8,A3IZ33ZKF224P8
2WYIAA2SEIUUMODML5BACIIT8G0OOV,A31XNLA9REVGXL
2X1U8P9Y38TWOLV1NFPIU0JUA4LHYB,A2SNRWNRW527F5
2X4WYB49F9SSK5AZW4FN0T5I534QUG,AYXRX78MS7V66
2X5WIOV1S7SNV16EPMUYLZ8O8FUZKP,A3LGPRMD5Q4Z9R
2XB92NJKM05BE76SCJN2OTPARZ7AF0,A3K8ICIOT1EH6J
2XNP3TVOK5UFBTEW2B5O7FYRSPB63U,AVI7UDWV0Y3W3
2YC2JE1M7PKK194U19QAK04MZLLXQF,A24ZKEJTS1O4IW
2YMQIHPCGJ2DUP11RQOH8JPQS6X823,A2TO3TD9ZRMN1Y